{"cameraMode":{"drawMode":0,"name":"Shaded","section":"Shading Mode"},"sceneLighting":false,"audioPlay":false,"sceneViewState":{"showFog":true,"showMaterialUpdate":false,"showSkybox":false,"showFlares":true,"showImageEffects":true,"showParticleSystems":true},"in2DMode":false,"pivot":{"x":-0.09340953826904297,"y":-0.18418407440185548,"z":2.0},"rotation":{"x":0.16532638669013978,"y":0.6999600529670715,"z":-0.17190329730510713,"w":0.6731805205345154},"size":2.8578836917877199,"orthographic":false}